,title,file,url,detail,id
0,åŠ æ²¹~ä»¥åŠä¸€äº›å»ºè®®,2023-03-31.0002,https://github.com/imClumsyPanda/langchain-ChatGLM/issues/2,åŠ æ²¹ï¼Œæˆ‘è®¤ä¸ºä½ çš„æ–¹å‘æ˜¯å¯¹çš„ã€‚,0
1,å½“å‰çš„è¿è¡Œç¯å¢ƒæ˜¯ä»€ä¹ˆï¼Œwindowsè¿˜æ˜¯Linux,2023-04-01.0003,https://github.com/imClumsyPanda/langchain-ChatGLM/issues/3,å½“å‰çš„è¿è¡Œç¯å¢ƒæ˜¯ä»€ä¹ˆï¼Œwindowsè¿˜æ˜¯Linuxï¼Œpythonæ˜¯ä»€ä¹ˆç‰ˆæœ¬ï¼Ÿ,1
2,è¯·é—®è¿™æ˜¯åœ¨CLMåŸºç¡€ä¸Šè¿è¡Œå—ï¼Ÿ,2023-04-01.0004,https://github.com/imClumsyPanda/langchain-ChatGLM/issues/4,è¯·é—®æ˜¯ä¸æ˜¯éœ€è¦æœ¬åœ°å®‰è£…å¥½clmå¹¶æ­£å¸¸è¿è¡Œçš„æƒ…å†µä¸‹ï¼Œå†æŒ‰æ–‡ä¸­çš„æ­¥éª¤æ‰§è¡Œæ‰èƒ½è¿è¡Œèµ·æ¥ï¼Ÿ,2
3,[å¤ç°é—®é¢˜] æ„é€  prompt æ—¶ä»çŸ¥è¯†åº“ä¸­æå–çš„æ–‡å­—ä¹±ç ,2023-04-01.0005,https://github.com/imClumsyPanda/langchain-ChatGLM/issues/5,hiï¼Œæˆ‘åœ¨å°è¯•å¤ç° README ä¸­çš„æ•ˆæœï¼Œä¹Ÿä½¿ç”¨äº† ChatGLM-6B çš„ README ä½œä¸ºè¾“å…¥æ–‡æœ¬ï¼Œä½†å‘ç°ä»çŸ¥è¯†åº“ä¸­æå–çš„æ–‡å­—æ˜¯ä¹±ç ï¼Œå¯¼è‡´æ„é€ çš„ prompt ä¸å¯ç”¨ã€‚æƒ³äº†è§£å¦‚ä½•è§£å†³è¿™ä¸ªé—®é¢˜ã€‚,3
4,åé¢èƒ½å¦åŠ å…¥ä¸Šä¸‹æ–‡å¯¹è¯åŠŸèƒ½ï¼Ÿ,2023-04-02.0006,https://github.com/imClumsyPanda/langchain-ChatGLM/issues/6,ç›®å‰çš„get_wiki_agent_answerå‡½æ•°ä¸­å·²ç»å®ç°äº†å†å²æ¶ˆæ¯ä¼ é€’çš„åŠŸèƒ½ï¼Œåé¢æˆ‘å†ç¡®è®¤ä¸€ä¸‹æ˜¯å¦æœ‰langchainä¸­modelè°ƒç”¨è¿‡ç¨‹ä¸­æ˜¯å¦ä¼ é€’äº†chat_historyã€‚,4
5,è¯·é—®ï¼šçº¯cpuå¯ä»¥å—ï¼Ÿ,2023-04-03.0007,https://github.com/imClumsyPanda/langchain-ChatGLM/issues/7,å¾ˆé…·çš„å®ç°ï¼Œæå¤§åœ°å¼€æ‹“äº†æˆ‘çš„çœ¼ç•Œï¼å¾ˆé¡ºåˆ©çš„åœ¨gpuæœºå™¨ä¸Šè¿è¡Œäº†,5
6,è¿è¡ŒæŠ¥é”™ï¼šAttributeError: 'NoneType' object has no attribute 'message_types_by_name',2023-04-03.0008,https://github.com/imClumsyPanda/langchain-ChatGLM/issues/8,æŠ¥é”™ï¼š,6
7,è¿è¡Œç¯å¢ƒï¼šGPUéœ€è¦å¤šå¤§çš„ï¼Ÿ,2023-04-03.0009,https://github.com/imClumsyPanda/langchain-ChatGLM/issues/9,å¦‚æœæŒ‰ç…§THUDM/ChatGLM-6Bçš„è¯´æ³•ï¼Œä½¿ç”¨çš„GPUå¤§å°åº”è¯¥åœ¨13GBå·¦å³ï¼Œä½†è¿è¡Œè„šæœ¬åï¼Œå ç”¨äº†24GBè¿˜ä¸å¤Ÿã€‚,7
8,è¯·é—®æœ¬åœ°çŸ¥è¯†çš„æ ¼å¼æ˜¯ä»€ä¹ˆï¼Ÿ,2023-04-03.0010,https://github.com/imClumsyPanda/langchain-ChatGLM/issues/10,å·²æµ‹è¯•æ ¼å¼åŒ…æ‹¬docxã€mdæ–‡ä»¶ä¸­çš„æ–‡æœ¬ä¿¡æ¯ï¼Œå…·ä½“æ ¼å¼å¯ä»¥å‚è€ƒ [langchainæ–‡æ¡£](https://python.langchain.com/en/latest/modules/indexes/document_loaders/examples/unstructured_file.html?highlight=pdf#),8
9,24Gçš„æ˜¾å­˜è¿˜æ˜¯çˆ†æ‰äº†ï¼Œæ˜¯å¦æ”¯æŒåŒå¡è¿è¡Œ,2023-04-03.0011,https://github.com/imClumsyPanda/langchain-ChatGLM/issues/11,RuntimeError: CUDA out of memory. Tried to allocate 96.00 MiB (GPU 0; 23.70 GiB total capacity; 22.18 GiB already allocated; 12.75 MiB free; 22.18 GiB reserved in total by PyTorch) If reserved memory is >> allocated memory try setting max_split_size_mb to avoid fragmentation.  See documentation for Memory Management and PYTORCH_CUDA_ALLOC_CONF,9
10,ä½ æ€ä¹ˆçŸ¥é“embeddingsæ–¹å¼å’Œæ¨¡å‹è®­ç»ƒæ—¶å€™çš„æ–¹å¼æ˜¯ä¸€æ ·çš„?,2023-04-03.0012,https://github.com/imClumsyPanda/langchain-ChatGLM/issues/12,embeddingå’ŒLLMçš„æ–¹å¼ä¸ç”¨ä¸€è‡´ï¼Œembeddingèƒ½å¤Ÿè§£å†³è¯­ä¹‰æ£€ç´¢çš„éœ€æ±‚å°±è¡Œã€‚è¿™ä¸ªé¡¹ç›®é‡Œç”¨åˆ°embeddingæ˜¯åœ¨å¯¹æœ¬åœ°çŸ¥è¯†å»ºç«‹ç´¢å¼•å’Œå¯¹é—®å¥è½¬æ¢æˆå‘é‡çš„è¿‡ç¨‹ã€‚,10
11,æ˜¯å¦èƒ½æä¾›æœ¬åœ°çŸ¥è¯†æ–‡ä»¶çš„æ ¼å¼ï¼Ÿ,2023-04-04.0013,https://github.com/imClumsyPanda/langchain-ChatGLM/issues/13,æ˜¯å¦èƒ½æä¾›æœ¬åœ°çŸ¥è¯†æ–‡ä»¶çš„æ ¼å¼ï¼Ÿ,11
12,æ˜¯å¦å¯ä»¥åƒæ¸…ååŸç‰ˆè·‘åœ¨8Gä¸€ä»¥ä¸‹çš„å¡ï¼Ÿ,2023-04-04.0016,https://github.com/imClumsyPanda/langchain-ChatGLM/issues/16,æ˜¯å¦å¯ä»¥åƒæ¸…ååŸç‰ˆè·‘åœ¨8Gä¸€ä»¥ä¸‹çš„å¡ï¼Ÿæˆ‘çš„8Gå¡çˆ†æ˜¾å­˜äº†ğŸ¤£ğŸ¤£ğŸ¤£,12
13,è¯·æ•™ä¸€ä¸‹langchainåè°ƒä½¿ç”¨å‘é‡åº“å’ŒchatGLMå·¥ä½œçš„,2023-04-05.0018,https://github.com/imClumsyPanda/langchain-ChatGLM/issues/18,ä»£ç é‡Œé¢è¿™æ®µæ˜¯åˆ›å»ºé—®ç­”æ¨¡å‹çš„ï¼Œä¼šæ¥å…¥ChatGLMå’Œæœ¬åœ°è¯­æ–™çš„å‘é‡åº“ï¼Œlangchainå›ç­”çš„æ—¶å€™æ˜¯æ€ä¹ˆä¸ªä¼˜å…ˆé¡ºåºï¼Ÿå…ˆæœå‘é‡åº“ï¼Œæ²¡æœ‰å†æ‰¾chatglmä¹ˆï¼Ÿ è¿˜æ˜¯ä»€ä¹ˆæœºåˆ¶ï¼Ÿ,13
14,åœ¨mac m2maxä¸ŠæŠ›å‡ºäº†ValueError: 150001 is not in listè¿™ä¸ªå¼‚å¸¸,2023-04-05.0019,https://github.com/imClumsyPanda/langchain-ChatGLM/issues/19,æˆ‘æŠŠchatglm_llm.pyåŠ è½½æ¨¡å‹çš„ä»£ç æ”¹æˆå¦‚ä¸‹,14
15,ç¨‹åºè¿è¡Œåä¸€ç›´å¡ä½,2023-04-05.0020,https://github.com/imClumsyPanda/langchain-ChatGLM/issues/20,æ„Ÿè°¢ä½œè€…çš„ä»˜å‡ºï¼Œä¸è¿‡æœ¬äººåœ¨è¿è¡Œæ—¶å‡ºç°äº†é—®é¢˜ï¼Œè¯·å¤§å®¶å¸®åŠ©ã€‚,15
16,é—®ä¸€ä¸‹chat_historyçš„é€»è¾‘,2023-04-06.0022,https://github.com/imClumsyPanda/langchain-ChatGLM/issues/22,æ„Ÿè°¢å¼€æºã€‚,16
17,ä¸ºä»€ä¹ˆæ¯æ¬¡è¿è¡Œéƒ½ä¼šloading checkpoint,2023-04-06.0023,https://github.com/imClumsyPanda/langchain-ChatGLM/issues/23,æˆ‘æŠŠè¿™ä¸ªembedingæ¨¡å‹ä¸‹è½½åˆ°æœ¬åœ°åï¼Œæ— æ³•æ­£å¸¸å¯åŠ¨ã€‚,17
18,æœ¬åœ°çŸ¥è¯†æ–‡ä»¶èƒ½å¦ä¸Šä¼ ä¸€äº›ç¤ºä¾‹ï¼Ÿ,2023-04-06.0025,https://github.com/imClumsyPanda/langchain-ChatGLM/issues/25,å¦‚é¢˜ï¼Œæ€ä¹ˆæ„é€ çŸ¥è¯†æ–‡ä»¶ï¼Œæ•ˆæœæ›´å¥½ï¼Ÿèƒ½å¦æä¾›ä¸€ä¸ªæ ·ä¾‹,18
19,What version of you are using?,2023-04-06.0026,https://github.com/imClumsyPanda/langchain-ChatGLM/issues/26,"Hi Panda, I saw the `pip install -r requirements` command in README, and want to confirm you are using python2 or python3? because my pip and pip3 version are all is 22.3.",19
20,æœ‰å…´è¶£äº¤æµæœ¬é¡¹ç›®åº”ç”¨çš„æœ‹å‹å¯ä»¥åŠ ä¸€ä¸‹å¾®ä¿¡ç¾¤,2023-04-07.0027,https://github.com/imClumsyPanda/langchain-ChatGLM/issues/27,![IMG_1630](https://user-images.githubusercontent.com/5668498/230533162-8b9bfcdd-249c-4efe-b066-4f9ba2ce9f23.jpeg),20
21,æœ¬åœ°çŸ¥è¯†è¶Šå¤šï¼Œå›ç­”æ—¶æ£€ç´¢çš„æ—¶é—´æ˜¯å¦ä¼šè¶Šé•¿,2023-04-07.0029,https://github.com/imClumsyPanda/langchain-ChatGLM/issues/29,æ˜¯çš„ å› ä¸ºéœ€è¦è¿›è¡Œå‘é‡åŒ¹é…æ£€ç´¢,21
22,çˆ²å•¥æœ€å¾Œé‚„æ˜¯å ±éŒ¯ å“­ã€‚ã€‚,2023-04-07.0030,https://github.com/imClumsyPanda/langchain-ChatGLM/issues/30,Failed to import transformers.models.t5.configuration_t5 because of the following error (look up to see,22
23,å¯¹è¯åˆ°ç¬¬äºŒæ¬¡çš„æ—¶å€™å°±æŠ¥é”™UnicodeDecodeError: 'utf-8' codec can't decode,2023-04-07.0031,https://github.com/imClumsyPanda/langchain-ChatGLM/issues/31,å¯¹è¯ç¬¬ä¸€æ¬¡æ˜¯æ²¡é—®é¢˜çš„ï¼Œæ¨¡å‹è¿”å›è¾“å‡ºååˆç»™åˆ°è¯·è¾“å…¥ä½ çš„é—®é¢˜ï¼Œæˆ‘å†è¾“å…¥é—®é¢˜å°±æŠ¥é”™,23
24,ç”¨çš„in4çš„é‡åŒ–ç‰ˆæœ¬ï¼Œæ¨ç†çš„æ—¶å€™æ˜¾ç¤ºéœ€è¦ç”³è¯·10Gbçš„æ˜¾å­˜,2023-04-07.0033,https://github.com/imClumsyPanda/langchain-ChatGLM/issues/33,"File ""/root/.cache/huggingface/modules/transformers_modules/chatglm-6b-int4-qe/modeling_chatglm.py"", line 581, in forward",24
25,ä½¿ç”¨colabè¿è¡Œï¼Œpython3.9ï¼Œæç¤ºåŒ…å¯¼å…¥æœ‰é—®é¢˜,2023-04-07.0034,https://github.com/imClumsyPanda/langchain-ChatGLM/issues/34,"from ._util import is_directory, is_path",25
26,è¿è¡Œå¤±è´¥ï¼ŒLoading checkpointæœªè¾¾åˆ°100%è¢«killäº†ï¼Œè¯·é—®ä¸‹æ˜¯ä»€ä¹ˆåŸå› ï¼Ÿ,2023-04-07.0035,https://github.com/imClumsyPanda/langchain-ChatGLM/issues/35,æ—¥å¿—å¦‚ä¸‹ï¼š,26
27,å¼„äº†ä¸ªäº¤æµç¾¤ï¼Œè‡ªå·±å¼„å¥½å¤šç»†èŠ‚ä¸ä¼šï¼Œå¤§å®¶æŠ€æœ¯è®¨è®º åŠ connection-image æˆ‘æ¥æ‹‰ä½ ,2023-04-08.0036,https://github.com/imClumsyPanda/langchain-ChatGLM/issues/36,è‡ªå·±æå¥½å¤šä¸æ¸…æ¥šçš„ï¼Œä¸€èµ·æ¥å¼„å§ã€‚ã€‚å‡†å¤‡æä¸ªéƒ¨ç½²é—®é¢˜çš„è§£å†³æ–‡æ¡£å‡ºæ¥,27
28,Error using the new version with langchain,2023-04-09.0043,https://github.com/imClumsyPanda/langchain-ChatGLM/issues/43,Error with the new changes:,28
29,ç¨‹åºæŠ¥é”™torch.cuda.OutOfMemoryErrorå¦‚ä½•è§£å†³ï¼Ÿ,2023-04-10.0044,https://github.com/imClumsyPanda/langchain-ChatGLM/issues/44,æŠ¥é”™è¯¦ç»†ä¿¡æ¯å¦‚ä¸‹ï¼š,29
30,qaçš„è®­ç»ƒæ•°æ®æ ¼å¼æ˜¯å¦‚ä½•è®¾ç½®çš„,2023-04-10.0045,https://github.com/imClumsyPanda/langchain-ChatGLM/issues/45,æœ¬é¡¹ç›®ä¸æ˜¯ä½¿ç”¨å¾®è°ƒçš„æ–¹å¼ï¼Œæ‰€ä»¥å¹¶ä¸æ¶‰åŠåˆ°è®­ç»ƒè¿‡ç¨‹ã€‚,30
31,The FileType.UNK file type is not supported in partition. è§£å†³åŠæ³•,2023-04-10.0046,https://github.com/imClumsyPanda/langchain-ChatGLM/issues/46,ValueError: Invalid file /home/yawu/Documents/langchain-ChatGLM-master/data. The FileType.UNK file type is not supported in partition.,31
32,å¦‚ä½•è¯»å–å¤šä¸ªtxtæ–‡æ¡£ï¼Ÿ,2023-04-10.0047,https://github.com/imClumsyPanda/langchain-ChatGLM/issues/47,å¦‚é¢˜ï¼Œè¯·æ•™ä¸€ä¸‹å¦‚ä½•è¯»å–å¤šä¸ªtxtæ–‡æ¡£ï¼Ÿç¤ºä¾‹ä»£ç ä¸­åªç»™äº†è¯»ä¸€ä¸ªæ–‡æ¡£çš„æ¡ˆä¾‹ï¼Œè¿™ä¸ªinputæˆ‘æ¢æˆstringä¹‹åä¹Ÿåªèƒ½æŒ‡å®šä¸€ä¸ªæ–‡æ¡£ï¼Œæ— æ³•ç”¨é€šé…ç¬¦æŒ‡å®šå¤šä¸ªæ–‡æ¡£ï¼Œä¹Ÿæ— æ³•ä¼ å…¥å¤šä¸ªæ–‡ä»¶è·¯å¾„çš„åˆ—è¡¨ã€‚,32
33,nltk package unable to either download or load local nltk_data folder,2023-04-10.0049,https://github.com/imClumsyPanda/langchain-ChatGLM/issues/49,I'm running this project on an offline Windows Server environment so I download the Punkt and averaged_perceptron_tagger tokenizer in this directory:,33
34,requirements.txtä¸­éœ€è¦æŒ‡å®šlangchainç‰ˆæœ¬,2023-04-11.0055,https://github.com/imClumsyPanda/langchain-ChatGLM/issues/55,langchainç‰ˆæœ¬0.116ä¸‹æ— æ³•å¼•å…¥RetrievalQAï¼Œéœ€è¦æŒ‡å®šæ›´é«˜ç‰ˆæœ¬ï¼ˆ0.136ç‰ˆæœ¬ä¸‹æ— é—®é¢˜ï¼‰,34
35,Demoæ¼”ç¤ºæ— æ³•ç»™å‡ºè¾“å‡ºå†…å®¹,2023-04-12.0059,https://github.com/imClumsyPanda/langchain-ChatGLM/issues/59,ä½ å¥½ï¼Œæµ‹è¯•äº†é¡¹ç›®è‡ªå¸¦æ–°é—»ç¨¿ç¤ºä¾‹å’Œè‡ªè¡Œä¸Šä¼ çš„ä¸€ä¸ªæ–‡æœ¬ï¼Œå¯ä»¥åŠ è½½è¿›å»ï¼Œä½†æ˜¯æ— æ³•ç»™å‡ºç­”æ¡ˆï¼Œè¯·é—®å±äºä»€ä¹ˆæƒ…å†µï¼Œå¦‚ä½•è§£å†³ï¼Œè°¢è°¢ã€‚PS: 1ã€ä»Šå¤©æ—©ä¸Šåˆšä¸‹è½½å…¨éƒ¨ä»£ç ï¼›2ã€ç¡¬ä»¶æœåŠ¡å™¨æ»¡è¶³è¦æ±‚ï¼›3ã€æŒ‰æ“ä½œè¯´æ˜æ­£å¸¸æ“ä½œã€‚,35
36,ç¾¤äººæ•°è¿‡å¤šæ— æ³•è¿›ç¾¤ï¼Œæ±‚å¸®å¿™æ‹‰è¿›ç¾¤,2023-04-12.0061,https://github.com/imClumsyPanda/langchain-ChatGLM/issues/61,æ‚¨å¥½ï¼Œæ‚¨çš„ç¾¤äººæ•°è¶…è¿‡äº†200äººï¼Œç›®å‰æ— æ³•é€šè¿‡äºŒç»´ç åŠ ç¾¤ï¼Œè¯·é—®æ‚¨æ–¹ä¾¿åŠ æˆ‘å¾®ä¿¡æ‹‰æˆ‘è¿›ç¾¤å—ï¼Ÿä¸‡åˆ†æ„Ÿè°¢,36
37,ç¾¤äººæ•°å·²æ»¡ï¼Œæ±‚å¤§ä½¬æ‹‰å…¥ç¾¤,2023-04-12.0062,https://github.com/imClumsyPanda/langchain-ChatGLM/issues/62,å·²åœ¨READMEä¸­æ›´æ–°æ‹‰ç¾¤äºŒç»´ç ,37
38,requirementsä¸­langchainç‰ˆæœ¬é”™è¯¯,2023-04-12.0065,https://github.com/imClumsyPanda/langchain-ChatGLM/issues/65,langchainç‰ˆæœ¬åº”è¯¥æ˜¯0.0.12è€Œä¸æ˜¯0.0.120,38
39,Linux : Searchd in,2023-04-13.0068,https://github.com/imClumsyPanda/langchain-ChatGLM/issues/68,import nltk,39
40,No sentence-transformers model found,2023-04-13.0069,https://github.com/imClumsyPanda/langchain-ChatGLM/issues/69,åŠ è½½ä¸äº†è¿™ä¸ªæ¨¡å‹ï¼Œé”™è¯¯åŸå› æ˜¯æ‰¾ä¸åˆ°è¿™ä¸ªæ¨¡å‹ï¼Œä½†æ˜¯è·¯å¾„æ˜¯é…ç½®å¥½äº†çš„,40
41,Error loading punkt: <urlopen error [Errno 111] Connection,2023-04-13.0070,https://github.com/imClumsyPanda/langchain-ChatGLM/issues/70,è¿è¡Œknowledge_based_chatglm.pyï¼Œå‡ºç°nltkæŠ¥é”™ï¼Œå…·ä½“æƒ…å†µå¦‚ä¸‹ï¼š,41
42,[ä¸æ‡‚å°±é—®] ptuningæ•°æ®é›†æ ¼å¼,2023-04-13.0072,https://github.com/imClumsyPanda/langchain-ChatGLM/issues/72,å¤§å®¶å¥½è¯·æ•™ å¾®è°ƒæ•°æ®é›†çš„æ ¼å¼æœ‰ä»€ä¹ˆç„æœºå—ï¼Ÿæˆ‘çœ‹ ChatGLM-6B/ptuning/readme.mdçš„demoæ•°æ®é›†ADGENé‡Œcontentä¸ºå•¥éƒ½å†™æˆ ç±»å‹#è£™*é£æ ¼#ç®€çº¦  è¿™ç§æ ¼å¼çš„ï¼Ÿè¿™é‡Œé¢æœ‰å•¥ç„æœºçš„ï¼Ÿ ç‰¹æ­¤è¯·æ•™,42
43,Embedding modelè¯·æ•™,2023-04-13.0074,https://github.com/imClumsyPanda/langchain-ChatGLM/issues/74,æ‚¨å¥½ï¼Œæˆ‘çœ‹åˆ°é¡¹ç›®é‡Œçš„embeddingæ¨¡å‹ç”¨çš„æ˜¯ï¼šGanymedeNil/text2vec-large-chineseï¼Œè¯·é—®è¿™ä¸ªé¡¹ç›®é‡Œçš„embeddingæ¨¡å‹å¯ä»¥ç›´æ¥ç”¨ChatGLMå˜›ï¼Ÿ,43
44,Macbook M1 è¿è¡Œ webui.py æ—¶æŠ¥é”™ï¼Œè¯·é—®æ˜¯å¦å¯æ”¯æŒMç³»åˆ—èŠ¯ç‰‡,2023-04-13.0080,https://github.com/imClumsyPanda/langchain-ChatGLM/issues/80,```,44
45,new feature: æ·»åŠ å¯¹P-tunningv2å¾®è°ƒåçš„æ¨¡å‹æ”¯æŒ,2023-04-14.0099,https://github.com/imClumsyPanda/langchain-ChatGLM/issues/99,èƒ½å¦æ·»åŠ æ–°çš„åŠŸèƒ½ï¼Œå¯¹ä½¿ç”¨[P-tunningv2](https://github.com/THUDM/ChatGLM-6B/tree/main/ptuning)å¾®è°ƒchatglmåçš„æ¨¡å‹æä¾›åŠ è½½æ”¯æŒ,45
46,txtæ–‡ä»¶åŠ è½½æˆåŠŸï¼Œä½†è¯»å–æŠ¥é”™,2023-04-15.0106,https://github.com/imClumsyPanda/langchain-ChatGLM/issues/106,æœ€æ–°ç‰ˆçš„ä»£ç ã€‚æ¯”è¾ƒè¯¡å¼‚çš„æ˜¯æˆ‘çš„ç”µè„‘æ˜¯æ²¡æœ‰Dç›˜çš„ï¼ŒæŠ¥é”™ä¿¡æ¯é‡Œæ€ä¹ˆæœ‰ä¸ªDç›˜å‡ºæ¥äº†...,46
47,æ¨¡å‹åŠ è½½æˆåŠŸï¼Ÿæ–‡ä»¶æ— æ³•å¯¼å…¥ã€‚,2023-04-15.0107,https://github.com/imClumsyPanda/langchain-ChatGLM/issues/107,æ‰€æœ‰æ¨¡å‹å‡åœ¨æœ¬åœ°ã€‚,47
48,è¯·é—®ç”¨çš„ä»€ä¹ˆæ“ä½œç³»ç»Ÿå‘¢ï¼Ÿ,2023-04-16.0110,https://github.com/imClumsyPanda/langchain-ChatGLM/issues/110,ubuntuã€centosè¿˜æ˜¯windowsï¼Ÿ,48
49,æŠ¥é”™ModuleNotFoundError: No module named 'configs.model_config',2023-04-17.0112,https://github.com/imClumsyPanda/langchain-ChatGLM/issues/112,æ›´æ–°ä»£ç åï¼Œè¿è¡Œwebui.pyï¼ŒæŠ¥é”™ModuleNotFoundError: No module named 'configs.model_config'ã€‚æœªæŸ¥å¾—è§£å†³æ–¹æ³•ã€‚,49
50,é—®ç‰¹å®šé—®é¢˜ä¼šå‡ºç°çˆ†æ˜¾å­˜,2023-04-17.0116,https://github.com/imClumsyPanda/langchain-ChatGLM/issues/116,æ­£å¸¸æé—®æ²¡é—®é¢˜ã€‚,50
51,loadingè¿›ä¸å»ï¼Ÿ,2023-04-18.0127,https://github.com/imClumsyPanda/langchain-ChatGLM/issues/127,åœ¨linuxç³»ç»Ÿä¸Špython webui.pyä¹‹åæ‰“å¼€ç½‘é¡µï¼Œä¸€ç›´åœ¨loadingï¼Œæ˜¯ä¸æ˜¯è·Ÿæˆ‘æ²¡è£…detectron2æœ‰å…³å‘¢ï¼Ÿ,51
52,æœ¬åœ°çŸ¥è¯†å†…å®¹æ•°é‡é™åˆ¶ï¼Ÿ,2023-04-18.0129,https://github.com/imClumsyPanda/langchain-ChatGLM/issues/129,æœ¬åœ°çŸ¥è¯†æ–‡ä»¶ç±»å‹æ˜¯txtï¼Œè¶…è¿‡5æ¡ä»¥ä¸Šçš„æ•°æ®ï¼Œæé—®çš„æ—¶å€™å°±çˆ†æ˜¾å­˜äº†ã€‚,52
53,æˆ‘æœ¬æ¥ä¹Ÿè®¡åˆ’åšä¸€ä¸ªç±»ä¼¼çš„äº§å“ï¼Œçœ‹æ¥ä¸ç”¨ä»å¤´å¼€å§‹åšäº†,2023-04-18.0130,https://github.com/imClumsyPanda/langchain-ChatGLM/issues/130,æ–‡æœ¬åˆ‡å‰²ï¼Œè¿˜æœ‰ä¼˜åŒ–ç©ºé—´å—ï¼Ÿå¾®ä¿¡ç¾¤å·²ç»åŠ ä¸è¿›å»äº†ã€‚,53
54,load model failed. åŠ è½½æ¨¡å‹å¤±è´¥,2023-04-18.0132,https://github.com/imClumsyPanda/langchain-ChatGLM/issues/132,```,54
55,å¦‚ä½•åœ¨webuié‡Œå›ç­”æ—¶åŒæ—¶è¿”å›å¼•ç”¨çš„æœ¬åœ°æ•°æ®å†…å®¹ï¼Ÿ,2023-04-18.0133,https://github.com/imClumsyPanda/langchain-ChatGLM/issues/133,å¦‚é¢˜,55
56,äº¤æµç¾¤æ»¡200äººåŠ ä¸äº†äº†ï¼Œèƒ½ä¸èƒ½ç»™ä¸ªè´Ÿè´£äººçš„è”ç³»æ–¹å¼æ‹‰æˆ‘è¿›ç¾¤ï¼Ÿ,2023-04-20.0143,https://github.com/imClumsyPanda/langchain-ChatGLM/issues/143,åŒæ±‚,56
57,No sentence-transformers model found with name â€˜/text2vec/â€˜ï¼Œä½†æ˜¯å†è·¯å¾„ä¸‹é¢ç¡®å®æœ‰æ¨¡å‹æ–‡ä»¶,2023-04-20.0145,https://github.com/imClumsyPanda/langchain-ChatGLM/issues/145,å¦å¤–ï¼šThe dtype of attention mask (torch.int64) is not bool,57
58,è¯·é—®åŠ è½½æ¨¡å‹çš„è·¯å¾„åœ¨å“ªé‡Œä¿®æ”¹ï¼Œé»˜è®¤å¥½åƒå‰é¢ä¼šå¸¦ä¸Štransformers_modules.,2023-04-20.0148,https://github.com/imClumsyPanda/langchain-ChatGLM/issues/148,"<img width=""1181"" alt=""1681977897052"" src=""https://user-images.githubusercontent.com/30926001/233301106-3846680a-d842-41d2-874e-5b6514d732c4.png"">",58
59,ä¸ºå•¥æ”¾åˆ°æ–¹æ³•è°ƒç”¨ä¼šå‡ºé”™ï¼Œè¿™ä¸ªæ€ä¹ˆå¤„ç†ï¼Ÿ,2023-04-20.0150,https://github.com/imClumsyPanda/langchain-ChatGLM/issues/150,```python,59
60,No sentence-transformers model found with name C:\Users\Administrator/.cache\torch\sentence_transformers\GanymedeNil_text2vec-large-chinese. Creating a new one with MEAN pooling.,2023-04-21.0154,https://github.com/imClumsyPanda/langchain-ChatGLM/issues/154,å¡åœ¨è¿™å—å¾ˆä¹…æ˜¯æ­£å¸¸ç°è±¡å—,60
61,å¾®ä¿¡ç¾¤éœ€è¦é‚€è¯·æ‰èƒ½åŠ å…¥,2023-04-21.0155,https://github.com/imClumsyPanda/langchain-ChatGLM/issues/155,RTï¼Œç»™ä¸ªä¸ªäººè”ç³»æ–¹å¼ç™½,61
62,No sentence-transformers model found with name GanymedeNil/text2vec-large-chinese. Creating a new one with MEAN pooling,2023-04-21.0156,https://github.com/imClumsyPanda/langchain-ChatGLM/issues/156,ls GanymedeNil/text2vec-large-chinese,62
63,embeddingä¼šåŠ è½½ä¸¤æ¬¡,2023-04-23.0159,https://github.com/imClumsyPanda/langchain-ChatGLM/issues/159,ä½ å¥½ï¼Œä¸ºä»€ä¹ˆè¦è¿™æ ·è®¾ç½®å‘¢ï¼Œè¿™æ ·ä¼šåŠ è½½ä¸¤æ¬¡å‘€ã€‚,63
64,æ‰«äºŒç»´ç åŠ çš„é‚£ä¸ªç¾¤ï¼Œç¾¤æˆå‘˜æ»¡äº†è¿›ä¸å»äº†,2023-04-23.0160,https://github.com/imClumsyPanda/langchain-ChatGLM/issues/160,å¦‚é¢˜,64
65,æ‰§è¡Œpython3 cli_demo.py æŠ¥é”™AttributeError: 'NoneType' object has no attribute 'chat',2023-04-24.0163,https://github.com/imClumsyPanda/langchain-ChatGLM/issues/163,"åˆšå¼€å§‹æ€€ç–‘æ˜¯å†…å­˜ä¸è¶³é—®é¢˜ï¼Œæ¢æˆint4,int4-qeä¹Ÿä¸è¡Œï¼Œæœ‰äººçŸ¥é“æ˜¯ä»€ä¹ˆåŸå› å—",65
66,åŒ¹é…å¾—åˆ†,2023-04-24.0167,https://github.com/imClumsyPanda/langchain-ChatGLM/issues/167,åœ¨ç¤ºä¾‹cli_demo.pyä¸­è¿”å›çš„åŒ¹é…æ–‡æœ¬æ²¡æœ‰å¯¹åº”çš„scoreï¼Œå¯ä»¥åŠ ä¸Šè¿™ä¸ªfeatureå—,66
67,å¤§ä½¬æœ‰è®¡åˆ’å¾€web_ui.pyåŠ å…¥æ‰“å­—æœºåŠŸèƒ½å—,2023-04-25.0170,https://github.com/imClumsyPanda/langchain-ChatGLM/issues/170,ç›®å‰åœ¨è½½å…¥äº†çŸ¥è¯†åº“åï¼Œå•å¼ V100 32Gåœ¨å›ç­”å‚ç›´é¢†åŸŸçš„é—®é¢˜æ—¶ä¹Ÿéœ€è¦20Sä»¥ä¸Šï¼Œæ²¡æœ‰æ‰“å­—æœºé€å­—è¾“å‡ºçš„ä½¿ç”¨ä½“éªŒè¿˜æ˜¯æ¯”è¾ƒç…ç†¬çš„....,67
68,Is it possible to use a verctorDB for the embedings?,2023-04-25.0171,https://github.com/imClumsyPanda/langchain-ChatGLM/issues/171,"when I play, I have to load the local data again and again when to start. I wonder if it is possible to use",68
69,è¯·é—®é€šè¿‡loraè®­ç»ƒå®˜æ–¹æ¨¡å‹å¾—åˆ°çš„å¾®è°ƒæ¨¡å‹æ–‡ä»¶è¯¥å¦‚ä½•åŠ è½½ï¼Ÿ,2023-04-25.0173,https://github.com/imClumsyPanda/langchain-ChatGLM/issues/173,é€šè¿‡loraè®­ç»ƒçš„æ–¹å¼å¾—åˆ°ä»¥ä¸‹æ–‡ä»¶:,69
70,from langchain.chains import RetrievalQAçš„ä»£ç åœ¨å“ªé‡Œï¼Ÿ,2023-04-25.0174,https://github.com/imClumsyPanda/langchain-ChatGLM/issues/174,local_doc_qa.py,70
71,å“ªé‡Œæœ‰knowledge_based_chatglm.pyæ–‡ä»¶ï¼Ÿæ€ä¹ˆæ‰¾ä¸åˆ°äº†ï¼Ÿï¼Ÿæ˜¯è¢«æ›¿æ¢æˆcli_demo.pyæ–‡ä»¶äº†å—ï¼Ÿ,2023-04-26.0175,https://github.com/imClumsyPanda/langchain-ChatGLM/issues/175,å“ªé‡Œæœ‰knowledge_based_chatglm.pyæ–‡ä»¶ï¼Ÿæ€ä¹ˆæ‰¾ä¸åˆ°äº†ï¼Ÿï¼Ÿæ˜¯è¢«æ›¿æ¢æˆcli_demo.pyæ–‡ä»¶äº†å—ï¼Ÿ,71
72,AttributeError: 'Chatbot' object has no attribute 'value',2023-04-26.0177,https://github.com/imClumsyPanda/langchain-ChatGLM/issues/177,Traceback (most recent call last):,72
73,æ§åˆ¶å°è°ƒapi.pyæŠ¥è­¦å‘Š,2023-04-26.0178,https://github.com/imClumsyPanda/langchain-ChatGLM/issues/178,"you must pass the application as an import string to enable ""reload"" or ""workers""",73
74,å¦‚ä½•åŠ å…¥ç¾¤èŠ,2023-04-27.0183,https://github.com/imClumsyPanda/langchain-ChatGLM/issues/183,å¾®ä¿¡ç¾¤è¶…è¿‡200äººäº†ï¼Œéœ€è¦é‚€è¯·ï¼Œå¦‚ä½•åŠ å…¥å‘¢ï¼Ÿ,74
75,å¦‚ä½•å°†Chatglmå’Œæœ¬åœ°çŸ¥è¯†ç›¸ç»“åˆ,2023-04-27.0185,https://github.com/imClumsyPanda/langchain-ChatGLM/issues/185,æ‚¨å¥½ï¼Œæˆ‘æƒ³è¯·æ•™ä¸€ä¸‹æ€ä¹ˆæ‰èƒ½è®©çŸ¥è¯†åº“åŒ¹é…åˆ°çš„æ–‡æœ¬å’Œchatglmç”Ÿæˆçš„ç›¸ç»“åˆï¼Œè€Œä¸æ˜¯è¯´å¦‚æœæ²¡æœç´¢åˆ°ï¼Œå°±è¯´æ ¹æ®å·²çŸ¥ä¿¡æ¯æ— æ³•å›ç­”è¯¥é—®é¢˜ï¼Œè°¢è°¢,75
76,ä¸€ç‚¹å»ºè®®,2023-04-27.0189,https://github.com/imClumsyPanda/langchain-ChatGLM/issues/189,1.weiuiçš„get_vector_storeæ–¹æ³•é‡Œé¢æ·»åŠ ä¸€ä¸ªåˆ¤æ–­ä»¥å…¼å®¹gradioç‰ˆæœ¬å¯¼è‡´çš„ä¸Šä¼ å¼‚å¸¸,76
77,windowsç¯å¢ƒä¸‹ï¼ŒæŒ‰ç…§æ•™ç¨‹ï¼Œé…ç½®å¥½condaç¯å¢ƒï¼Œgitå®Œé¡¹ç›®ï¼Œä¿®æ”¹å®Œæ¨¡å‹è·¯å¾„ç›¸å…³å†…å®¹åï¼Œè¿è¡ŒdemoæŠ¥é”™ç¼ºå°‘,2023-04-28.0194,https://github.com/imClumsyPanda/langchain-ChatGLM/issues/194,æŠ¥é”™ä»£ç å¦‚ä¸‹ï¼š,77
78,ValueError: too many values to unpack (expected 2),2023-04-28.0198,https://github.com/imClumsyPanda/langchain-ChatGLM/issues/198,"When i tried to use the non-streaming, `ValueError: too many values to unpack (expected 2)` error came out.",78
79,åŠ è½½docåè¦†ç›–åŸæœ¬çŸ¥è¯†,2023-04-28.0201,https://github.com/imClumsyPanda/langchain-ChatGLM/issues/201,åŠ è½½è¾ƒå¤§é‡çº§çš„ç§æœ‰çŸ¥è¯†åº“åï¼ŒåŸæœ¬çš„çŸ¥è¯†ä¼šè¢«è¦†ç›–,79
80,è‡ªå®šä¹‰çŸ¥è¯†åº“å›ç­”æ•ˆæœå¾ˆå·®,2023-04-28.0203,https://github.com/imClumsyPanda/langchain-ChatGLM/issues/203,"è¯·é—®åŠ äº†è‡ªå®šä¹‰çŸ¥è¯†åº“çŸ¥è¯†åº“,å›ç­”æ•ˆæœå¾ˆå·®ï¼Œæ˜¯å› ä¸ºæ•°æ®é‡å¤ªå°çš„åŸå› ä¹ˆ",80
81,python310ä¸‹ï¼Œå®‰è£…pycocotoolså¤±è´¥ï¼Œæç¤ºä½ç‰ˆæœ¬cythonï¼Œå®é™…å·²å®‰è£…é«˜ç‰ˆæœ¬,2023-04-29.0208,https://github.com/imClumsyPanda/langchain-ChatGLM/issues/208,RTï¼Œçº¯ç¦»çº¿ç¯å¢ƒå®‰è£…ï¼Œä¾èµ–å®‰è£…çš„ååˆ†è‰°éš¾ï¼Œæœ€åç¢°åˆ°pycocotoolsï¼Œå§‹ç»ˆæ— æ³•å®‰è£…ä¸Šï¼Œæ±‚æ•™æ–¹æ³•ï¼,81
82,[FEATURE] æ”¯æŒ RWKV æ¨¡å‹ï¼ˆç›®å‰å·²æœ‰ pip package & rwkv.cpp ç­‰ç­‰ï¼‰,2023-05-01.0216,https://github.com/imClumsyPanda/langchain-ChatGLM/issues/216,æ‚¨å¥½ï¼Œæˆ‘æ˜¯ RWKV çš„ä½œè€…ï¼Œä»‹ç»è§ï¼šhttps://zhuanlan.zhihu.com/p/626083366,82
83,[BUG] ä¸ºå•¥ä¸»æœº/æœåŠ¡å™¨ä¸è”ç½‘ä¸èƒ½æ­£å¸¸å¯åŠ¨æœåŠ¡ï¼Ÿ,2023-05-02.0220,https://github.com/imClumsyPanda/langchain-ChatGLM/issues/220,**é—®é¢˜æè¿° / Problem Description**,83
84,[BUG] ç®€æ´é˜è¿°é—®é¢˜ / Concise description of the issue,2023-05-03.0222,https://github.com/imClumsyPanda/langchain-ChatGLM/issues/222,**local variable 'torch' referenced before assignment**,84
85,ä¸æ”¯æŒtxtæ–‡ä»¶çš„ä¸­æ–‡è¾“å…¥,2023-05-04.0235,https://github.com/imClumsyPanda/langchain-ChatGLM/issues/235,"vs_path, _ = local_doc_qa.init_knowledge_vector_store(filepath)",85
86,æ–‡ä»¶å‡æœªæˆåŠŸåŠ è½½ï¼Œè¯·æ£€æŸ¥ä¾èµ–åŒ…æˆ–æ›¿æ¢ä¸ºå…¶ä»–æ–‡ä»¶å†æ¬¡ä¸Šä¼ ã€‚ æ–‡ä»¶æœªæˆåŠŸåŠ è½½ï¼Œè¯·é‡æ–°ä¸Šä¼ æ–‡ä»¶,2023-05-05.0237,https://github.com/imClumsyPanda/langchain-ChatGLM/issues/237,è¯·å¤§ä½¬å¸®å¿™è§£å†³ï¼Œè°¢è°¢ï¼,86
87,[BUG] ä½¿ç”¨å¤šå¡æ—¶chatglmæ¨¡å‹åŠ è½½ä¸¤æ¬¡,2023-05-05.0241,https://github.com/imClumsyPanda/langchain-ChatGLM/issues/241,chatglm_llm.pyæ–‡ä»¶ä¸‹ç¬¬129è¡Œå…ˆåŠ è½½äº†ä¸€æ¬¡chatglmæ¨¡å‹ï¼Œç¬¬143è¡ŒåˆåŠ è½½äº†ä¸€æ¬¡,87
88,[BUG] similarity_search_with_score_by_vectorå‡½æ•°è¿”å›å¤šä¸ªdocæ—¶çš„scoreç»“æœé”™è¯¯,2023-05-06.0252,https://github.com/imClumsyPanda/langchain-ChatGLM/issues/252,**é—®é¢˜æè¿° / Problem Description**,88
89,å¯ä»¥å†å»ºä¸€ä¸ªäº¤æµç¾¤å—ï¼Œè¿™ä¸ªç¾¤æ»¡äº†è¿›ä¸å»ã€‚,2023-05-06.0255,https://github.com/imClumsyPanda/langchain-ChatGLM/issues/255,ä¸Šåˆåº”è¯¥å·²ç»åœ¨readmeé‡Œæ›´æ–°è¿‡äº†ï¼Œå¦‚æœä¸èƒ½æ·»åŠ å¯èƒ½æ˜¯ç½‘é¡µç¼“å­˜é—®é¢˜ï¼Œå¯ä»¥è¯•è¯•çœ‹ç›´æ¥æ‰«æimg/qr_code_12.jpg,89
90,è¯·é—®è¿™æ˜¯ä»€ä¹ˆé”™è¯¯å“‡ï¼ŸKeyError: 'serialized_input',2023-05-06.0257,https://github.com/imClumsyPanda/langchain-ChatGLM/issues/257,è¿è¡Œâ€œpython webui.pyâ€ åè¿™æ˜¯ä»€ä¹ˆé”™è¯¯ï¼Ÿæ€ä¹ˆè§£å†³å•Šï¼Ÿ,90
91,ä¿®æ”¹å“ªé‡Œçš„ä»£ç ï¼Œå¯ä»¥å†cpuä¸Šè·‘ï¼Ÿ,2023-05-06.0258,https://github.com/imClumsyPanda/langchain-ChatGLM/issues/258,**é—®é¢˜æè¿° / Problem Description**,91
92,ModuleNotFoundError: No module named 'modelscope',2023-05-07.0266,https://github.com/imClumsyPanda/langchain-ChatGLM/issues/266,å®‰è£…è¿™ä¸ª,92
93,åŠ è½½loraå¾®è°ƒæ¨¡å‹æ—¶ï¼Œloraå‚æ•°åŠ è½½æˆåŠŸï¼Œä½†æ˜¾ç¤ºæ¨¡å‹æœªæˆåŠŸåŠ è½½ï¼Ÿ,2023-05-08.0270,https://github.com/imClumsyPanda/langchain-ChatGLM/issues/270,ä»€ä¹ˆåŸå› å‘€ï¼Ÿ,93
94,[BUG] è¿è¡Œwebui.pyæŠ¥é”™ï¼šname 'EMBEDDING_DEVICE' is not defined,2023-05-08.0274,https://github.com/imClumsyPanda/langchain-ChatGLM/issues/274,è§£å†³äº†ï¼Œæˆ‘ä¿®æ”¹model_configæ—¶å€™æŠŠè¿™ä¸ªå˜é‡æ”¹é”™äº†,94
95,åŸºäºptuningè®­ç»ƒå®Œæˆï¼Œæ–°è€æ¨¡å‹éƒ½è¿›è¡Œäº†åŠ è½½ï¼Œä½†æ˜¯åªæœ‰æ–°çš„,2023-05-08.0280,https://github.com/imClumsyPanda/langchain-ChatGLM/issues/280,licitly passing a `revision` is encouraged when loading a model with custom code to ensure no malicious code has been contributed in a newer revision.,95
96,[BUG] ä½¿ç”¨chatyuanæ¨¡å‹æ—¶ï¼Œå¯¹è¯Errorï¼Œhas no attribute 'stream_chat',2023-05-08.0282,https://github.com/imClumsyPanda/langchain-ChatGLM/issues/282,**é—®é¢˜æè¿° / Problem Description**,96
97,chaglmè°ƒç”¨è¿‡ç¨‹ä¸­ _callæç¤ºæœ‰ä¸€ä¸ª stop,2023-05-09.0286,https://github.com/imClumsyPanda/langchain-ChatGLM/issues/286,**åŠŸèƒ½æè¿° / Feature Description**,97
98,Logger._log() got an unexpected keyword argument 'end',2023-05-10.0295,https://github.com/imClumsyPanda/langchain-ChatGLM/issues/295,ä½¿ç”¨cli_demoçš„æ—¶å€™ï¼ŒåŠ è½½ä¸€ä¸ªæ™®é€štxtæ–‡ä»¶ï¼Œè¾“å…¥é—®é¢˜åï¼ŒæŠ¥é”™ï¼šâ€œTypeError: Logger._log() got an unexpected keyword argument 'end'â€,98
99,[BUG] è¯·é—®å¯ä»¥è§£é‡Šä¸‹è¿™ä¸ªFAISS.similarity_search_with_score_by_vector = similarity_search_with_score_by_vectorçš„ç›®çš„å—,2023-05-10.0296,https://github.com/imClumsyPanda/langchain-ChatGLM/issues/296,æˆ‘ä¸å¤ªæ˜ç™½è¿™ä¸ªåº“è‡ªå·±å†™çš„similarity_search_with_score_by_vectoræ–¹æ³•åšçš„äº‹æƒ…ï¼Œå› ä¸ºlangchainåŸç‰ˆçš„similarity_search_with_score_by_vectoråªæ˜¯search faissä¹‹åæŠŠè¿”å›çš„topkå¥å­ç»„åˆèµ·æ¥ã€‚æˆ‘è§‰å¾—åŸç‰ˆç†è§£èµ·æ¥æ²¡ä»€ä¹ˆé—®é¢˜ï¼Œä½†æ˜¯è¿™ä¸ªåº“é‡Œè‡ªå·±å†™çš„æˆ‘å°±æ²¡å¤ªçœ‹æ˜ç™½å¤šåšäº†ä»€ä¹ˆå…¶ä»–çš„äº‹æƒ…ï¼Œå› ä¸ºæ²¡æœ‰æ³¨é‡Šã€‚,99
100,[BUG] Windowsä¸‹ä¸Šä¼ ä¸­æ–‡æ–‡ä»¶åæ–‡ä»¶ï¼Œfaissæ— æ³•ç”Ÿæˆå‘é‡æ•°æ®åº“æ–‡ä»¶,2023-05-11.0318,https://github.com/imClumsyPanda/langchain-ChatGLM/issues/318,**é—®é¢˜æè¿° / Problem Description**,100
101,cli_demoä¸­çš„æµå¼è¾“å‡ºèƒ½å¦æ¥ç€å‰ä¸€ç­”æ¡ˆè¾“å‡º?,2023-05-11.0320,https://github.com/imClumsyPanda/langchain-ChatGLM/issues/320,ç°æœ‰æµå¼è¾“å‡ºç»“æœæ ·å¼ä¸º:,101
102,å†…ç½‘éƒ¨ç½²æ—¶ç½‘é¡µæ— æ³•åŠ è½½ï¼Œèƒ½å¦å¢åŠ ç¦»çº¿é™æ€èµ„æº,2023-05-12.0326,https://github.com/imClumsyPanda/langchain-ChatGLM/issues/326,å†…ç½‘éƒ¨ç½²æ—¶ç½‘é¡µæ— æ³•åŠ è½½ï¼Œèƒ½å¦å¢åŠ ç¦»çº¿é™æ€èµ„æº,102
103,æˆ‘æƒ³æŠŠæ–‡ä»¶å­—ç¬¦çš„ç¼–ç æ ¼å¼æ”¹ä¸ºencoding='utf-8'åœ¨å“ªä¿®æ”¹å‘¢ï¼Œå› ä¸ºä¼šæœ‰ascii codec can't decode byteæŠ¥é”™,2023-05-14.0360,https://github.com/imClumsyPanda/langchain-ChatGLM/issues/360,ä¸Šä¼ ä¸­æ–‡çš„txtæ–‡ä»¶æ—¶æŠ¥é”™ï¼Œç¼–ç æ ¼å¼ä¸ºutf-8,103
104,Batchesçš„è¿›åº¦æ¡æ˜¯åœ¨å“ªé‡Œè®¾ç½®çš„?èƒ½å¦å…³é—­æ˜¾ç¤º?,2023-05-15.0366,https://github.com/imClumsyPanda/langchain-ChatGLM/issues/366,"ä½¿ç”¨cli_demo.pyè¿›è¡Œå‘½ä»¤è¡Œæµ‹è¯•æ—¶,æ¯å¥å›ç­”å‰éƒ½æœ‰ä¸ªBatchesçš„è¿›åº¦æ¡",104
105,ImportError: dlopen: cannot load any more object with static TLS or Segmentation fault,2023-05-15.0368,https://github.com/imClumsyPanda/langchain-ChatGLM/issues/368,**é—®é¢˜æè¿° / Problem Description**,105
106,è¯»å–PDFæ—¶æŠ¥é”™,2023-05-16.0373,https://github.com/imClumsyPanda/langchain-ChatGLM/issues/373,åœ¨Colabä¸Šæ‰§è¡Œcli_demo.pyæ—¶ï¼Œåœ¨è·¯å¾„æ–‡ä»¶å¤¹é‡Œæ”¾äº†pdfæ–‡ä»¶ï¼Œåœ¨åŠ è½½çš„è¿‡ç¨‹ä¸­ä¼šæ˜¾ç¤ºé”™è¯¯ï¼Œç„¶åæ— æ³•åŠ è½½PDFæ–‡ä»¶,106
107,[BUG] webuiæŠ¥é”™ InvalidURL,2023-05-16.0375,https://github.com/imClumsyPanda/langchain-ChatGLM/issues/375,python ç‰ˆæœ¬ï¼š3.8.16,107
108,[FEATURE] å¦‚æœè®©å›ç­”ä¸åŒ…å«å‡ºå¤„ï¼Œåº”è¯¥æ€ä¹ˆå¤„ç†,2023-05-16.0380,https://github.com/imClumsyPanda/langchain-ChatGLM/issues/380,**åŠŸèƒ½æè¿° / Feature Description**,108
109,åŠ è½½PDFæ–‡ä»¶æ—¶ï¼Œå‡ºç° unsupported colorspace for 'png',2023-05-16.0381,https://github.com/imClumsyPanda/langchain-ChatGLM/issues/381,**é—®é¢˜æè¿° / Problem Description**,109
110,'ascii' codec can't encode characters in position 14-44: ordinal not in range(128) ç»å…¸bug,2023-05-16.0382,https://github.com/imClumsyPanda/langchain-ChatGLM/issues/382,æ·»åŠ äº†çŸ¥è¯†åº“ä¹‹åè¿›è¡Œå¯¹è¯ï¼Œä¹‹åå†æ–°å¢çŸ¥è¯†åº“å°±ä¼šå‡ºç°è¿™ä¸ªé—®é¢˜ã€‚,110
111,å¾®ä¿¡ç¾¤äººæ•°è¶…è¿‡200äº†ï¼Œæ‰«ç è¿›ä¸å»äº†ï¼Œç¾¤ä¸»å¯ä»¥å†åˆ›å»ºä¸€ä¸ªæ–°ç¾¤å—,2023-05-17.0391,https://github.com/imClumsyPanda/langchain-ChatGLM/issues/391,**åŠŸèƒ½æè¿° / Feature Description**,111
112,TypeError: 'ListDocsResponse' object is not subscriptable,2023-05-17.0393,https://github.com/imClumsyPanda/langchain-ChatGLM/issues/393,åº”è¯¥æ˜¯ç”¨remain_docs.codeå’Œremain_docs.dataå§ï¼Ÿå—ï¼Ÿ,112
113,[BUG]  åŠ è½½chatglmæ¨¡å‹æŠ¥é”™ï¼š'NoneType' object has no attribute 'message_types_by_name',2023-05-17.0398,https://github.com/imClumsyPanda/langchain-ChatGLM/issues/398,**é—®é¢˜æè¿° / Problem Description**,113
114,[BUG] æ‰§è¡Œ python webui.py æ²¡æœ‰æŠ¥é”™ï¼Œä½†æ˜¯uiç•Œé¢æç¤º Something went wrong Expecting value: line 1 column 1 (char 0,2023-05-18.0399,https://github.com/imClumsyPanda/langchain-ChatGLM/issues/399,**ç¯å¢ƒé…ç½®**,114
115,å¯åŠ¨åè°ƒç”¨apiæ¥å£æ­£å¸¸ï¼Œè¿‡ä¸€ä¼šå°±ä¸æ–­çš„çˆ†å‡º Since the angle classifier is not initialized,2023-05-18.0404,https://github.com/imClumsyPanda/langchain-ChatGLM/issues/404,**é—®é¢˜æè¿° / Problem Description**,115
116,[BUG] write_check_fileæ–¹æ³•ä¸­ï¼Œopenå‡½æ•°æœªæŒ‡å®šç¼–ç ,2023-05-18.0408,https://github.com/imClumsyPanda/langchain-ChatGLM/issues/408,"def write_check_file(filepath, docs):",116
117,å¯¼å…¥çš„PDFä¸­å­˜åœ¨å›¾ç‰‡ï¼Œæœ‰å¤§æ¦‚ç‡å‡ºç° â€œunsupported colorspace for 'png'â€å¼‚å¸¸,2023-05-18.0409,https://github.com/imClumsyPanda/langchain-ChatGLM/issues/409,"pix = fitz.Pixmap(doc, img[0])",117
118,è¯·é—®æµç¨‹å›¾æ˜¯ç”¨ä»€ä¹ˆè½¯ä»¶ç”»çš„,2023-05-18.0410,https://github.com/imClumsyPanda/langchain-ChatGLM/issues/410,draw.io,118
119,mac åŠ è½½æ¨¡å‹å¤±è´¥,2023-05-19.0417,https://github.com/imClumsyPanda/langchain-ChatGLM/issues/417,Explicitly passing a `revision` is encouraged when loading a model with custom code to ensure no malicious code has been contributed in a newer revision.,119
120,ä½¿ç”¨GPUæœ¬åœ°è¿è¡ŒçŸ¥è¯†åº“é—®ç­”ï¼Œæé—®ç¬¬ä¸€ä¸ªé—®é¢˜å‡ºç°å¼‚å¸¸ã€‚,2023-05-20.0419,https://github.com/imClumsyPanda/langchain-ChatGLM/issues/419,é…ç½®æ–‡ä»¶model_config.pyä¸ºï¼š,120
121,æƒ³åŠ å…¥è®¨è®ºç¾¤,2023-05-20.0420,https://github.com/imClumsyPanda/langchain-ChatGLM/issues/420,OK,121
122,æœ‰æ²¡æœ‰ç›´æ¥è°ƒç”¨LLMçš„APIï¼Œç›®å‰åªæœ‰çŸ¥è¯†åº“çš„APIï¼Ÿ,2023-05-22.0426,https://github.com/imClumsyPanda/langchain-ChatGLM/issues/426,-------------------------------------------------------------------------------,122
123,ä¸Šä¼ æ–‡ä»¶åå‡ºç° ERROR __init__() got an unexpected keyword argument 'autodetect_encoding',2023-05-22.0428,https://github.com/imClumsyPanda/langchain-ChatGLM/issues/428,"ä¸Šä¼ æ–‡ä»¶åå‡ºç°è¿™ä¸ªé—®é¢˜ï¼šERROR 2023-05-22 11:46:19,568-1d: __init__() got an unexpected keyword argument 'autodetect_encoding'",123
124,æƒ³é—®ä¸‹READMEä¸­ç”¨åˆ°çš„æµç¨‹å›¾ç”¨ä»€ä¹ˆè½¯ä»¶ç”»çš„,2023-05-22.0431,https://github.com/imClumsyPanda/langchain-ChatGLM/issues/431,**åŠŸèƒ½æè¿° / Feature Description**,124
125,No matching distribution found for langchain==0.0.174,2023-05-23.0436,https://github.com/imClumsyPanda/langchain-ChatGLM/issues/436,ERROR: Could not find a version that satisfies the requirement langchain==0.0.174 ,125
126,[FEATURE] bingæ˜¯å¿…é¡»çš„ä¹ˆï¼Ÿ,2023-05-23.0437,https://github.com/imClumsyPanda/langchain-ChatGLM/issues/437,ä»è¿™ä¸ª[è„šæ­¥](https://github.com/imClumsyPanda/langchain-ChatGLM/blob/master/configs/model_config.py#L129)é‡Œé¢å‘ç°éœ€è¦ç”³è¯·bing apiï¼Œå¦‚æœä¸ç”³è¯·ï¼Œçº¯ç”¨æ¨¡å‹æ¨ç†ä¸å¯å—ï¼Ÿ,126
127,åŒä¸€å°ç¯å¢ƒä¸‹éƒ¨ç½²äº†5.22å·æ›´æ–°çš„langchain-chatglm v0.1.13å’Œä¹‹å‰çš„ç‰ˆæœ¬ï¼Œå›å¤é€Ÿåº¦æ˜æ˜¾å˜æ…¢,2023-05-23.0442,https://github.com/imClumsyPanda/langchain-ChatGLM/issues/442,æ–°langchain-chatglm v0.1.13ç‰ˆæœ¬é€Ÿåº¦å¾ˆæ…¢,127
128,Error reported during startup,2023-05-23.0443,https://github.com/imClumsyPanda/langchain-ChatGLM/issues/443,Traceback (most recent call last):,128
129,"ValueError: not enough values to unpack (expected 2, got 1)on of the issue",2023-05-24.0449,https://github.com/imClumsyPanda/langchain-ChatGLM/issues/449,"File "".cache\huggingface\modules\transformers_modules\chatglm-6b-int4\modeling_chatglm.py"", line 1280, in chat",129
130,[BUG] APIéƒ¨ç½²ï¼Œæµå¼è¾“å‡ºçš„å‡½æ•°ï¼Œå°‘äº†ä¸ªquestion,2023-05-24.0451,https://github.com/imClumsyPanda/langchain-ChatGLM/issues/451,**é—®é¢˜æè¿° / Problem Description**,130
131,é¡¹ç›®ç»“æ„çš„ç®€æ´æ€§ä¿æŒ,2023-05-24.0454,https://github.com/imClumsyPanda/langchain-ChatGLM/issues/454,**åŠŸèƒ½æè¿° / Feature Description**,131
132,é¡¹ç›®ç¾¤æ‰«ç è¿›ä¸å»äº†,2023-05-24.0455,https://github.com/imClumsyPanda/langchain-ChatGLM/issues/455,é¡¹ç›®ç¾¤æ‰«ç è¿›ä¸å»äº†ï¼Œæ˜¯å¦å¯ä»¥åŠ ä¸€ä¸‹å¾®ä¿¡æ‹‰æˆ‘è¿›ç¾¤ï¼Œè°¢è°¢ï¼å¾®ä¿¡å·ï¼šdaniel-0527,132
133,è¯·æ±‚æ‹‰æˆ‘å…¥ç¾¤è®¨è®ºï¼Œæµ·ç¡•ä¸€æšï¼Œä¸“æ³¨äºLLMç­‰ç›¸å…³æŠ€æœ¯,2023-05-24.0461,https://github.com/imClumsyPanda/langchain-ChatGLM/issues/461,**åŠŸèƒ½æè¿° / Feature Description**,133
134,[BUG] chatglm-6bæ¨¡å‹æŠ¥é”™OSError: Error no file named pytorch_model.bin found in directory /chatGLM/model/model-6b,2023-05-26.0474,https://github.com/imClumsyPanda/langchain-ChatGLM/issues/474,**1ã€ç®€è¿°ï¼š**,134
135,ç°åœ¨æœ¬é¡¹ç›®äº¤æµç¾¤äºŒç»´ç æ‰«æä¸è¿›å»äº†ï¼Œéœ€è¦ç¾¤ä¸»é€šè¿‡,2023-05-27.0478,https://github.com/imClumsyPanda/langchain-ChatGLM/issues/478,ç°åœ¨æœ¬é¡¹ç›®äº¤æµç¾¤äºŒç»´ç æ‰«æä¸è¿›å»äº†ï¼Œéœ€è¦ç¾¤ä¸»é€šè¿‡,135
136,RuntimeError: Only Tensors of floating point and complex dtype can require gradients,2023-05-28.0483,https://github.com/imClumsyPanda/langchain-ChatGLM/issues/483,åˆšæ›´æ–°äº†æœ€æ–°ç‰ˆæœ¬ï¼š,136
137,"RuntimeError: ""LayerNormKernelImpl"" not implemented for 'Half'",2023-05-28.0484,https://github.com/imClumsyPanda/langchain-ChatGLM/issues/484,"å·²ç»è§£å†³äº† params åªç”¨ä¸¤ä¸ªå‚æ•° {'trust_remote_code': True, 'torch_dtype': torch.float16}",137
138,[BUG] æ–‡ä»¶æœªæˆåŠŸåŠ è½½ï¼Œè¯·é‡æ–°ä¸Šä¼ æ–‡ä»¶,2023-05-31.0504,https://github.com/imClumsyPanda/langchain-ChatGLM/issues/504,webui.py,138
139,[BUG] bug 17 ï¼Œpdfå’Œpdfä¸ºå•¥è¿˜ä¸ä¸€æ ·å‘¢ï¼Ÿä¸ºå•¥æœ‰çš„pdfèƒ½è¯†åˆ«ï¼Ÿæœ‰çš„pdfè¯†åˆ«ä¸äº†å‘¢ï¼Ÿ,2023-05-31.0506,https://github.com/imClumsyPanda/langchain-ChatGLM/issues/506,bug 17 ï¼Œpdfå’Œpdfä¸ºå•¥è¿˜ä¸ä¸€æ ·å‘¢ï¼Ÿä¸ºå•¥æœ‰çš„pdfèƒ½è¯†åˆ«ï¼Ÿæœ‰çš„pdfè¯†åˆ«ä¸äº†å‘¢ï¼Ÿ,139
140,[FEATURE] ç®€æ´é˜è¿°åŠŸèƒ½ / Concise description of the feature,2023-05-31.0513,https://github.com/imClumsyPanda/langchain-ChatGLM/issues/513,**åŠŸèƒ½æè¿° / Feature Description**,140
141,[BUG] webui.py åŠ è½½chatglm-6b-int4 å¤±è´¥,2023-06-02.0524,https://github.com/imClumsyPanda/langchain-ChatGLM/issues/524,**é—®é¢˜æè¿° / Problem Description**,141
142,[BUG] webui.py  åŠ è½½chatglm-6bæ¨¡å‹å¼‚å¸¸,2023-06-02.0525,https://github.com/imClumsyPanda/langchain-ChatGLM/issues/525,**é—®é¢˜æè¿° / Problem Description**,142
143,å¢åŠ å¯¹chatgptçš„embeddingå’Œapiè°ƒç”¨çš„æ”¯æŒ,2023-06-02.0531,https://github.com/imClumsyPanda/langchain-ChatGLM/issues/531,èƒ½å¦æ”¯æŒopenaiçš„embedding apiå’Œå¯¹è¯çš„apiï¼Ÿ,143
144,[FEATURE] è°ƒæ•´æ¨¡å‹ä¸‹è½½çš„ä½ç½®,2023-06-02.0537,https://github.com/imClumsyPanda/langchain-ChatGLM/issues/537,æ¨¡å‹é»˜è®¤ä¸‹è½½åˆ° $HOME/.cache/huggingface/ï¼Œå½“ C ç›˜ç©ºé—´ä¸è¶³æ—¶æ— æ³•å®Œæˆæ¨¡å‹çš„ä¸‹è½½ã€‚configs/model_config.py ä¸­ä¹Ÿæ²¡æœ‰è°ƒæ•´æ¨¡å‹ä½ç½®çš„å‚æ•°ã€‚,144
145,[BUG] langchain=0.0.174 å‡ºé”™,2023-06-04.0543,https://github.com/imClumsyPanda/langchain-ChatGLM/issues/543,**é—®é¢˜æè¿° / Problem Description**,145
146,[BUG] æ›´æ–°ååŠ è½½æœ¬åœ°æ¨¡å‹è·¯å¾„ä¸æ­£ç¡®,2023-06-05.0545,https://github.com/imClumsyPanda/langchain-ChatGLM/issues/545,**é—®é¢˜æè¿° / Problem Description**,146
147,SystemError: 8bit æ¨¡å‹éœ€è¦ CUDA æ”¯æŒï¼Œæˆ–è€…æ”¹ç”¨é‡åŒ–åæ¨¡å‹ï¼,2023-06-06.0550,https://github.com/imClumsyPanda/langchain-ChatGLM/issues/550,"docker éƒ¨ç½²å,å¯åŠ¨docker,è¿‡ä¼šå„¿å®¹å™¨ä¼šè‡ªåŠ¨é€€å‡º,logsæŠ¥é”™ SystemError: 8bit æ¨¡å‹éœ€è¦ CUDA æ”¯æŒï¼Œæˆ–è€…æ”¹ç”¨é‡åŒ–åæ¨¡å‹ï¼ [NVIDIA Container Toolkit](https://github.com/NVIDIA/nvidia-container-toolkit) ä¹Ÿå·²ç»å®‰è£…äº†",147
148,[BUG] ä¸Šä¼ çŸ¥è¯†åº“è¶…è¿‡1MæŠ¥é”™,2023-06-06.0556,https://github.com/imClumsyPanda/langchain-ChatGLM/issues/556,**é—®é¢˜æè¿° / Problem Description**,148
149,æ‰“å¼€è·¨åŸŸè®¿é—®åä»ç„¶æŠ¥é”™ï¼Œä¸èƒ½è¯·æ±‚,2023-06-06.0560,https://github.com/imClumsyPanda/langchain-ChatGLM/issues/560,æŠ¥é”™ä¿¡æ¯ï¼š,149
150,dialogue_answering é‡Œé¢çš„ä»£ç æ˜¯ä¸æ˜¯æ²¡æœ‰ç”¨åˆ°ï¼Ÿï¼Œæ²¡æœ‰çœ‹åˆ°è°ƒç”¨,2023-06-07.0571,https://github.com/imClumsyPanda/langchain-ChatGLM/issues/571,dialogue_answering æ˜¯å¹²å•¥çš„,150
151,[BUG] å“åº”é€Ÿåº¦ææ…¢ï¼Œåº”ä»å“ªé‡Œå…¥æ‰‹ä¼˜åŒ–ï¼Ÿ48C/128G/8å¡,2023-06-07.0573,https://github.com/imClumsyPanda/langchain-ChatGLM/issues/573,è¿è¡Œç¯å¢ƒï¼šubuntu20.04,151
152,çº¯CPUç¯å¢ƒä¸‹è¿è¡Œcli_demoæ—¶æŠ¥é”™ï¼Œæç¤ºæ‰¾ä¸åˆ°nvcuda.dll,2023-06-08.0576,https://github.com/imClumsyPanda/langchain-ChatGLM/issues/576,æœ¬åœ°éƒ¨ç½²ç¯å¢ƒæ˜¯çº¯CPUï¼Œä¹‹å‰çš„ç‰ˆæœ¬åœ¨çº¯CPUç¯å¢ƒä¸‹èƒ½æ­£å¸¸è¿è¡Œï¼Œä½†ä¸Šä¼ æœ¬åœ°çŸ¥è¯†åº“ç»å¸¸å‡ºç°encodeé—®é¢˜ã€‚ä»Šå¤©é‡æ–°gité¡¹ç›®åï¼Œè¿è¡Œæ—¶å‡ºç°å¦‚ä¸‹é—®é¢˜ï¼Œè¯·é—®è¯¥å¦‚ä½•è§£å†³ã€‚,152
153,å¦‚ä½•åŠ è½½æœ¬åœ°çš„embeddingæ¨¡å‹ï¼ˆtext2vec-large-chineseæ¨¡å‹æ–‡ä»¶ï¼‰,2023-06-08.0582,https://github.com/imClumsyPanda/langchain-ChatGLM/issues/582,"å› ä¸ºéœ€è¦ç¦»çº¿éƒ¨ç½²ï¼Œæ‰€ä»¥è¦æŠŠæ¨¡å‹æ”¾åˆ°æœ¬åœ°ï¼Œæˆ‘ä¿®æ”¹äº†chains/local_doc_qa.pyä¸­çš„HuggingFaceEmbeddings()ï¼Œåœ¨å…¶ä¸­åŠ äº†ä¸€ä¸ªcache_folderçš„å‚æ•°ï¼Œä¿è¯ä¸‹è½½çš„æ–‡ä»¶åœ¨cache_folderä¸­ï¼Œmodel_nameæ˜¯text2vec-large-chineseã€‚å¦‚cache_folder='/home/xx/model/text2vec-large-chinese', model_name='text2vec-large-chinese'ï¼Œè¿™æ ·ä»ç„¶éœ€è¦è”ç½‘ä¸‹è½½æŠ¥é”™ï¼Œè¯·é—®å¤§ä½¬å¦‚ä½•è§£å†³è¯¥é—®é¢˜ï¼Ÿ",153
154,ChatGLM-6B åœ¨å¦å¤–æœåŠ¡å™¨å®‰è£…å¥½äº†ï¼Œè¯·é—®å¦‚ä½•ä¿®æ”¹model.cofnig.py æ¥ä½¿ç”¨å®ƒçš„æ¥å£å‘¢ï¼Ÿï¼Ÿ,2023-06-09.0588,https://github.com/imClumsyPanda/langchain-ChatGLM/issues/588,æˆ‘æœ¬æ¥æƒ³åœ¨è¿™åŠ ä¸€ä¸ªapi base url ä½†æ˜¯è¿è¡Œweb.py å‘ç°  è¿˜æ˜¯ä¼šå»è¿huggingface ä¸‹è½½æ¨¡å‹,154
155,[BUG] raise partially initialized module 'charset_normalizer' has no attribute 'md__mypyc' when call interface `upload_file`,2023-06-10.0591,https://github.com/imClumsyPanda/langchain-ChatGLM/issues/591,**é—®é¢˜æè¿° / Problem Description**,155
156,[BUG] raise OSError: [Errno 101] Network is unreachable when call interface upload_file and upload .pdf files,2023-06-10.0592,https://github.com/imClumsyPanda/langchain-ChatGLM/issues/592,**é—®é¢˜æè¿° / Problem Description**,156
157,å¦‚æœç›´æ¥ç”¨vicunaä½œä¸ºåŸºåº§å¤§æ¨¡å‹ï¼Œéœ€è¦ä¿®æ”¹çš„åœ°æ–¹æœ‰å“ªäº›ï¼Ÿ,2023-06-12.0596,https://github.com/imClumsyPanda/langchain-ChatGLM/issues/596,vicunaæ¨¡å‹æœ‰ç›´æ¥è½¬æ¢å¥½çš„æ²¡æœ‰ï¼Ÿä¹Ÿå°±æ˜¯llamaè½¬æ¢ä¹‹åçš„vicunaã€‚,157
158,[BUG] é€šè¿‡cli.pyè°ƒç”¨apiæ—¶æŠ›å‡ºAttributeError: 'NoneType' object has no attribute 'get'é”™è¯¯,2023-06-12.0598,https://github.com/imClumsyPanda/langchain-ChatGLM/issues/598,é€šè¿‡`python cli.py start api --ip localhost --port 8001` å‘½ä»¤è°ƒç”¨apiæ—¶ï¼ŒæŠ›å‡ºï¼š,158
159,[BUG] é€šè¿‡cli.pyè°ƒç”¨apiæ—¶ç›´æ¥æŠ¥é”™`langchain-ChatGLM: error: unrecognized arguments: start cli`,2023-06-12.0601,https://github.com/imClumsyPanda/langchain-ChatGLM/issues/601,é€šè¿‡python cli.py start cliå¯åŠ¨cli_demoæ—¶ï¼ŒæŠ¥é”™ï¼š,159
160,[BUG] error: unrecognized arguments: --model-dir conf/models/,2023-06-12.0602,https://github.com/imClumsyPanda/langchain-ChatGLM/issues/602,å…³é”®å­—å‚æ•°ä¿®æ”¹äº†å—ï¼Ÿæœ‰æ²¡æœ‰æ–‡æ¡£å•Šï¼Ÿå¤§ä½¬,160
161,[BUG] ä¸Šä¼ æ–‡ä»¶å…¨éƒ¨å¤±è´¥,2023-06-12.0603,https://github.com/imClumsyPanda/langchain-ChatGLM/issues/603,ERROR:    Exception in ASGI application,161
162,[BUG] config ä½¿ç”¨  chatyuan  æ— æ³•å¯åŠ¨,2023-06-12.0604,https://github.com/imClumsyPanda/langchain-ChatGLM/issues/604,"""chatyuan"": {",162
163,ä½¿ç”¨fashchat apiä¹‹åï¼Œåå°æŠ¥é”™APIError å¦‚å›¾æ‰€ç¤º,2023-06-12.0606,https://github.com/imClumsyPanda/langchain-ChatGLM/issues/606,æˆ‘æŒ‰ç…§https://github.com/imClumsyPanda/langchain-ChatGLM/blob/master/docs/fastchat.md,163
164,[BUG] å¯ç”¨ä¸Šä¸‹æ–‡å…³è”ï¼Œæ¯æ¬¡embeddingæœç´¢åˆ°çš„å†…å®¹éƒ½ä¼šæ¯”å‰ä¸€æ¬¡å¤šä¸€æ®µ,2023-06-13.0613,https://github.com/imClumsyPanda/langchain-ChatGLM/issues/613,**é—®é¢˜æè¿° / Problem Description**,164
165,local_doc_qa.pyä¸­MyFAISS.from_documents() è¿™ä¸ªè¯­å¥çœ‹ä¸å¤ªæ‡‚ã€‚MyFAISSç±»ä¸­æ²¡æœ‰è¿™ä¸ªæ–¹æ³•ï¼Œå…¶çˆ¶ç±»FAISSå’ŒVectorStoreä¸­ä¹Ÿåªæœ‰from_textsæ–¹æ³•[BUG] ç®€æ´é˜è¿°é—®é¢˜ / Concise description of the issue,2023-06-14.0619,https://github.com/imClumsyPanda/langchain-ChatGLM/issues/619,local_doc_qa.pyä¸­MyFAISS.from_documents() è¿™ä¸ªè¯­å¥çœ‹ä¸å¤ªæ‡‚ã€‚MyFAISSç±»ä¸­æ²¡æœ‰è¿™ä¸ªæ–¹æ³•ï¼Œå…¶çˆ¶ç±»FAISSå’ŒVectorStoreä¸­ä¹Ÿåªæœ‰from_textsæ–¹æ³•,165
166,[BUG] TypeError: similarity_search_with_score_by_vector() got an unexpected keyword argument 'filter',2023-06-14.0624,https://github.com/imClumsyPanda/langchain-ChatGLM/issues/624,**é—®é¢˜æè¿° / Problem Description**,166
167,please delete this issue,2023-06-15.0633,https://github.com/imClumsyPanda/langchain-ChatGLM/issues/633,"sorry, incorrect submission. Please remove this issue!",167
168,[BUG] vueå‰ç«¯é•œåƒæ„å»ºå¤±è´¥,2023-06-15.0635,https://github.com/imClumsyPanda/langchain-ChatGLM/issues/635,**é—®é¢˜æè¿° / Problem Description**,168
169,ChatGLM-6Bæ¨¡å‹èƒ½å¦å›ç­”è‹±æ–‡é—®é¢˜ï¼Ÿ,2023-06-15.0640,https://github.com/imClumsyPanda/langchain-ChatGLM/issues/640,å¤§ä½¬ï¼Œè¯·é—®ä¸€ä¸‹ï¼Œå¦‚æœæœ¬åœ°çŸ¥è¯†æ–‡æ¡£æ˜¯è‹±æ–‡ï¼ŒChatGLM-6Bæ¨¡å‹èƒ½å¦å›ç­”è‹±æ–‡é—®é¢˜ï¼Ÿä¸èƒ½çš„è¯ï¼Œæœ‰æ²¡æœ‰æ›¿ä»£çš„æ¨¡å‹æ¨èï¼ŒæœŸå¾…ä½ çš„å›å¤ï¼Œè°¢è°¢,169
170,[BUG] ç®€æ´é˜è¿°é—®é¢˜ / Concise description of the issue,2023-06-16.0644,https://github.com/imClumsyPanda/langchain-ChatGLM/issues/644,**é—®é¢˜æè¿° / Problem Description**,170
171,KeyError: 3224,2023-06-16.0645,https://github.com/imClumsyPanda/langchain-ChatGLM/issues/645,```,171
